{
  "type": "minecraft:crafting_shaped",
  "pattern": [
    "012",
    "345",
    "678"
  ],
  "key": {
    "0": {
      "item": "minecraft:quartz"
    },
    "1": {
      "item": "minecraft:diamond"
    },
    "2": {
      "tag": "minecraft:coals"
    },
    "3": {
      "item": "minecraft:lapis_lazuli"
    },
    "4": {
      "item": "minecraft:nether_star"
    },
    "5": {
      "item": "minecraft:emerald"
    },
    "6": {
      "item": "minecraft:gold_ingot"
    },
    "7": {
      "item": "minecraft:redstone"
    },
    "8": {
      "item": "minecraft:iron_ingot"
    }
  },
  "result": {
    "item": "more_swords:evil_core",
    "count": 1
  }
}