{
  "type": "minecraft:crafting_shaped",
  "pattern": [
    "012",
    "345",
    " 7 "
  ],
  "key": {
    "0": {
      "item": "minecraft:feather"
    },
    "1": {
      "item": "minecraft:iron_ingot"
    },
    "2": {
      "item": "minecraft:feather"
    },
    "3": {
      "item": "minecraft:feather"
    },
    "4": {
      "item": "minecraft:iron_ingot"
    },
    "5": {
      "item": "minecraft:feather"
    },
    "7": {
      "item": "minecraft:stick"
    }
  },
  "result": {
    "item": "more_swords:wind_sword",
    "count": 1
  }
}